#pos.x,pos.y,pos.z
-6.964010798704083349e-01,-1.800719870411107704e-01,6.599999999999999645e+00
-6.856172717077325673e-01,-6.057558542216122388e-02,6.599999999999999645e+00
-6.676873855762429644e-01,5.805914685164843825e-02,6.599999999999999645e+00
-6.426759497040593905e-01,1.754052528542692779e-01,6.599999999999999645e+00
-6.106729782512122506e-01,2.910404133226792700e-01,6.599999999999999645e+00
-5.717936473558700161e-01,4.045484665501801191e-01,6.599999999999999645e+00
-5.261778806246169005e-01,5.155209061191405873e-01,6.599999999999999645e+00
-4.739898455585687675e-01,6.235583510829660892e-01,6.599999999999999645e+00
-4.154173627276487313e-01,7.282719833062265558e-01,6.599999999999999645e+00
-3.506712298193571109e-01,8.292849467900711424e-01,6.599999999999999645e+00
-2.799844629947307872e-01,9.262337039468681033e-01,6.599999999999999645e+00
-2.036114582817906138e-01,1.018769343942946826e+00,6.599999999999999645e+00
-1.218270760245554335e-01,1.106558838400820921e+00,6.599999999999999645e+00
-3.492565168261699271e-02,1.189286239941719225e+00,6.599999999999999645e+00
5.678006345867027405e-02,1.266653819254967450e+00,6.599999999999999645e+00
1.529600278550858339e-01,1.338383136601997370e+00,6.599999999999999645e+00
2.532680974966999843e-01,1.404216043898726785e+00,6.599999999999999645e+00
3.573432716525190567e-01,1.463915613769895874e+00,6.599999999999999645e+00
4.648109920832829145e-01,1.517266992231767642e+00,6.599999999999999645e+00
5.752844910466519135e-01,1.564078171934453865e+00,6.599999999999999645e+00
6.883661832434203598e-01,1.604180683181032796e+00,6.599999999999999645e+00
8.036490966952530846e-01,1.637430200236531963e+00,6.599999999999999645e+00
9.207183374043302893e-01,1.663707060744720856e+00,6.599999999999999645e+00
1.039152582523708013e+00,1.682916696383374378e+00,6.599999999999999645e+00
1.158525596664593094e+00,1.694989973208110401e+00,6.599999999999999645e+00
1.278407765883464053e+00,1.699883440459934114e+00,6.599999999999999645e+00
1.398367643828339890e+00,1.697579486941049653e+00,6.599999999999999645e+00
1.517973504479741331e+00,1.688086404396153650e+00,6.599999999999999645e+00
1.636794895898153079e+00,1.671438357671108710e+00,6.599999999999999645e+00
1.754404189386173041e+00,1.647695261756392027e+00,6.599999999999999645e+00
1.870378118490040320e+00,1.616942566157830052e+00,6.599999999999999645e+00
1.984299302301795187e+00,1.579290947370651566e+00,6.599999999999999645e+00
2.095757747579830799e+00,1.534875910563621382e+00,6.599999999999999645e+00
2.204352324281822817e+00,1.483857301906760906e+00,6.599999999999999645e+00
2.309692209199713631e+00,1.426418733297749153e+00,6.599999999999999645e+00
2.411398292501223839e+00,1.362766921557367894e+00,6.599999999999999645e+00
2.509104542115857761e+00,1.293130944472174582e+00,6.599999999999999645e+00
2.602459321055090147e+00,1.217761416361845095e+00,6.599999999999999645e+00
2.691126652925802887e+00,1.136929586138253345e+00,6.599999999999999645e+00
2.774787431082489597e+00,1.050926361102302753e+00,6.599999999999999645e+00
2.853140567066584588e+00,9.600612599917850432e-01,6.599999999999999645e+00
2.925904074199778382e+00,8.646612990481642447e-01,6.599999999999999645e+00
2.992816082431549507e+00,7.650698151112426126e-01,6.599999999999999645e+00
3.053635780788561238e+00,6.616452299772966894e-01,6.599999999999999645e+00
3.108144284034120464e+00,5.547597604676596239e-01,6.599999999999999645e+00
3.156145420418663416e+00,4.447980788501105232e-01,6.599999999999999645e+00
3.197466437686212082e+00,3.321559284341065732e-01,6.599999999999999645e+00
3.231958624795947088e+00,2.172386993222203411e-01,6.599999999999999645e+00
3.259497847121366032e+00,1.004599694435395763e-01,6.599999999999999645e+00
3.279984993200887988e+00,-1.775998388026724106e-02,6.599999999999999645e+00
3.293346331432089880e+00,-1.369956964794636634e-01,6.599999999999999645e+00
3.299533775425853133e+00,-2.568180485478102626e-01,6.599999999999999645e+00
3.298525057065437860e+00,-3.767958090104732150e-01,6.599999999999999645e+00
3.290323806647656113e+00,-4.964971874902201487e-01,6.599999999999999645e+00
3.274959539817724696e+00,-6.154913882865004071e-01,6.599999999999999645e+00
3.252487551344814154e+00,-7.333501607747635598e-01,6.599999999999999645e+00
3.222988716120591679e+00,-8.496493406462526377e-01,6.599999999999999645e+00
3.186569198096945055e+00,-9.639703764414730980e-01,6.599999999999999645e+00
3.143360068210399483e+00,-1.075901835883465774e+00,6.599999999999999645e+00
3.093516832668286032e+00,-1.185040886589710407e+00,6.599999999999999645e+00
3.037218873294321053e+00,-1.290994745833695667e+00,6.599999999999999645e+00
2.974668801947750740e+00,-1.393382094138580385e+00,6.599999999999999645e+00
2.906091731339451201e+00,-1.491834447615534742e+00,6.599999999999999645e+00
2.831734464869263501e+00,-1.585997484107824818e+00,6.599999999999999645e+00
2.751864608400268253e+00,-1.675532318367955131e+00,6.599999999999999645e+00
2.666769607166659561e+00,-1.760116721678607110e+00,6.599999999999999645e+00
2.576755711281304873e+00,-1.839446281528056559e+00,6.599999999999999645e+00
2.482146873566048573e+00,-1.913235497166489552e+00,6.599999999999999645e+00
2.383283583671381489e+00,-1.981218807100398216e+00,6.599999999999999645e+00
2.280521642681383021e+00,-2.043151544827185084e+00,6.599999999999999645e+00
2.174230882614037963e+00,-2.098810819370364733e+00,6.599999999999999645e+00
2.064793835425342561e+00,-2.147996317446385195e+00,6.599999999999999645e+00
1.952604356307347189e+00,-2.190531024376136671e+00,6.599999999999999645e+00
1.838066206234778122e+00,-2.226261861146643373e+00,6.599999999999999645e+00
1.721591598861537564e+00,-2.255060235330204499e+00,6.599999999999999645e+00
1.603599716996687352e+00,-2.276822503878271675e+00,6.599999999999999645e+00
1.484515203998999500e+00,-2.291470346124501400e+00,6.599999999999999645e+00
1.364766635519423676e+00,-2.298951045654578973e+00,6.599999999999999645e+00
1.244784977091550893e+00,-2.299237680028381803e+00,6.599999999999999645e+00
1.125002033121079270e+00,-2.292329217671692287e+00,6.599999999999999645e+00
1.005848892856245680e+00,-2.278250521588750299e+00,6.599999999999999645e+00
8.877543789320532230e-01,-2.257052259882287526e+00,6.599999999999999645e+00
7.711435040718580547e-01,-2.228810723403071403e+00,6.599999999999999645e+00
6.564359415005238674e-01,-2.193627551185227897e+00,6.599999999999999645e+00
5.440445145740050448e-01,-2.151629364655474497e+00,6.599999999999999645e+00
4.343737110610609298e-01,-2.102967311932719241e+00,6.599999999999999645e+00
3.278182274240827865e-01,-2.047816523858053905e+00,6.599999999999999645e+00
2.247615483380500934e-01,-1.986375483712842671e+00,6.599999999999999645e+00
1.255745665598144434e-01,-1.918865312893247355e+00,6.599999999999999645e+00
3.061424811469096174e-02,-1.845528975111982772e+00,6.599999999999999645e+00
-5.977765239575574818e-02,-1.766630401991320598e+00,6.599999999999999645e+00
-1.452758217412266073e-01,-1.682453543194260659e+00,6.599999999999999645e+00
-2.255725588390209979e-01,-1.593301344512373596e+00,6.599999999999999645e+00
-3.003788821456571112e-01,-1.499494657588092972e+00,6.599999999999999645e+00
-3.694255696783659837e-01,-1.401371085195280752e+00,6.599999999999999645e+00
-4.324641279235044156e-01,-1.299283766233809034e+00,6.599999999999999645e+00
-4.892676861448636005e-01,-1.193600104810864426e+00,6.599999999999999645e+00
-5.396318128733282871e-01,-1.084700447982910765e+00,6.599999999999999645e+00
-5.833752516394060672e-01,-9.729767169170117080e-01,6.599999999999999645e+00
-6.203405733007841816e-01,-8.588309963978535411e-01,6.599999999999999645e+00
-6.503947426172386193e-01,-7.426740877567192811e-01,6.599999999999999645e+00
-6.734295970338383119e-01,-6.249240304303087523e-01,6.599999999999999645e+00
-6.893622359493410956e-01,-5.060045974701945504e-01,6.599999999999999645e+00
-6.981353190688365240e-01,-3.863437704174563780e-01,6.599999999999999645e+00
-6.997172727668872216e-01,-2.663721990312979404e-01,6.599999999999999645e+00
-6.941024037184850837e-01,-1.465216514149596527e-01,6.599999999999999645e+00
-6.813109193888735593e-01,-2.722346011680051858e-02,6.599999999999999645e+00
-6.613888553084937838e-01,9.109303020109263405e-02,6.599999999999999645e+00
-6.344079093947877501e-01,2.080020079400520805e-01,6.599999999999999645e+00
-6.004651839171195604e-01,3.230827270267631057e-01,6.599999999999999645e+00
-5.596828360334641372e-01,4.359210211447766548e-01,6.599999999999999645e+00
-5.122076381565519032e-01,5.461107942860026210e-01,6.599999999999999645e+00
-4.582104497316784597e-01,6.532554822578079401e-01,6.599999999999999645e+00
-3.978856023272074882e-01,7.569694798858720430e-01,6.599999999999999645e+00
-3.314502002507774270e-01,8.568795287764108259e-01,6.599999999999999645e+00
-2.591433392082386211e-01,9.526260606433236688e-01,6.599999999999999645e+00
-1.812252458173047309e-01,1.043864491365736225e+00,6.599999999999999645e+00
-9.797634107273978099e-02,1.130266461118729193e+00,6.599999999999999645e+00
-9.696231133595425988e-03,1.211521016114122107e+00,6.599999999999999645e+00
8.329737093542577409e-02,1.287335727698321053e+00,6.599999999999999645e+00
1.806697885879143817e-01,1.357437744779686373e+00,6.599999999999999645e+00
2.820705862699138811e-01,1.421574775797819212e+00,6.599999999999999645e+00
3.871348306094897773e-01,1.479515996700736080e+00,6.599999999999999645e+00
4.954844037827880743e-01,1.531052881662196219e+00,6.599999999999999645e+00
6.067293643298827810e-01,1.575999953549495514e+00,6.599999999999999645e+00
7.204693505229452510e-01,1.614195451440852525e+00,6.599999999999999645e+00
8.362950212361257574e-01,1.645501912790046095e+00,6.599999999999999645e+00
9.537895291315712232e-01,1.669806668143140493e+00,6.599999999999999645e+00
1.072530020859700395e+00,1.687022246626850741e+00,6.599999999999999645e+00
1.192089158874634958e+00,1.697086690749229243e+00,6.599999999999999645e+00
1.312036659387896709e+00,1.699963779379730644e+00,6.599999999999999645e+00
1.431940840925393976e+00,1.695643158106168169e+00,6.599999999999999645e+00
1.551370177914569437e+00,1.684140376499415392e+00,6.599999999999999645e+00
1.669894853710468752e+00,1.665496832151743378e+00,6.599999999999999645e+00
1.787088307471516924e+00,1.639779621690191869e+00,6.599999999999999645e+00
1.902528769317916923e+00,1.607081299301167832e+00,6.599999999999999645e+00
2.015800778247760050e+00,1.567519543635320867e+00,6.599999999999999645e+00
2.126496677347990083e+00,1.521236734291478987e+00,6.599999999999999645e+00
2.234218080919071259e+00,1.468399439403843765e+00,6.599999999999999645e+00
2.338577308233304120e+00,1.409197816176579243e+00,6.599999999999999645e+00
2.439198778766798803e+00,1.343844926523222849e+00,6.599999999999999645e+00
2.535720363883783079e+00,1.272575970273874812e+00,6.599999999999999645e+00
2.627794690108639308e+00,1.195647438709795951e+00,6.599999999999999645e+00
2.715090389295298223e+00,1.113336191471772318e+00,6.599999999999999645e+00
2.797293291194730358e+00,1.025938460164380395e+00,6.599999999999999645e+00
2.874107554128578990e+00,9.337687822421031347e-01,6.599999999999999645e+00
2.945256729699731846e+00,8.371588690141529288e-01,6.599999999999999645e+00
3.010484757708021597e+00,7.364564118419640870e-01,6.599999999999999645e+00
3.069556887690436220e+00,6.320238308257527526e-01,6.599999999999999645e+00
3.122260523769283758e+00,5.242369704835234678e-01,6.599999999999999645e+00
3.168405989767777431e+00,4.134837471166674661e-01,6.599999999999999645e+00
3.207827211839445969e+00,3.001627527301767850e-01,6.599999999999999645e+00
3.240382316154642339e+00,1.846818205318543071e-01,6.599999999999999645e+00
3.265954139493125741e+00,6.745655717317261546e-02,6.599999999999999645e+00
3.284450650905132996e+00,-5.109115298587003917e-02,6.599999999999999645e+00
3.295805282923415902e+00,-1.705346662048652928e-01,6.599999999999999645e+00
3.299977171134240272e+00,-2.904441148197401956e-01,6.599999999999999645e+00
3.296951301245145238e+00,-4.103879543021463627e-01,6.599999999999999645e+00
3.286738563120184420e+00,-5.299345163537501069e-01,6.599999999999999645e+00
3.269375711588173861e+00,-6.486535624459603966e-01,6.599999999999999645e+00
3.244925234165001005e+00,-7.661178322140289598e-01,6.599999999999999645e+00
3.213475126166040585e+00,-8.819045811329807583e-01,6.599999999999999645e+00
3.175138574018047777e+00,-9.955971019413915046e-01,6.599999999999999645e+00
3.130053547910247591e+00,-1.106786224337539704e+00,6.599999999999999645e+00
3.078382305250642048e+00,-1.215071787550642268e+00,6.599999999999999645e+00
3.020310806714559870e+00,-1.320064080487507452e+00,6.599999999999999645e+00
2.956048046987038269e+00,-1.421385244271632819e+00,6.599999999999999645e+00
2.885825302607643916e+00,-1.518670632127121944e+00,6.599999999999999645e+00
2.809895299624678877e+00,-1.611570121713306492e+00,6.599999999999999645e+00
2.728531304054318429e+00,-1.699749375187086020e+00,6.599999999999999645e+00
2.642026138418044567e+00,-1.782891042458121467e+00,6.599999999999999645e+00
2.550691127897779520e+00,-1.860695903306463173e+00,6.599999999999999645e+00
2.454854979901421430e+00,-1.932883944252223873e+00,6.599999999999999645e+00
2.354862601071136652e+00,-1.999195366301728338e+00,6.599999999999999645e+00
2.251073855991903017e+00,-2.059391519943340576e+00,6.599999999999999645e+00
2.143862272067611485e+00,-2.113255764027995642e+00,6.599999999999999645e+00
2.033613695225772400e+00,-2.160594245443392403e+00,6.599999999999999645e+00
1.920724901288840991e+00,-2.201236596775860477e+00,6.599999999999999645e+00
1.805602168009722064e+00,-2.235036549449075594e+00,6.599999999999999645e+00
1.688659812910587421e+00,-2.261872460132982710e+00,6.599999999999999645e+00
1.570318702187205151e+00,-2.281647748528425890e+00,6.599999999999999645e+00
1.451004736045115928e+00,-2.294291244951930153e+00,6.599999999999999645e+00
1.331147315918810081e+00,-2.299757446469708366e+00,6.599999999999999645e+00
1.211177799090260798e+00,-2.298026680659085663e+00,6.599999999999999645e+00
1.091527946268520122e+00,-2.289105176407978171e+00,6.599999999999999645e+00
9.726283677174105691e-01,-2.273025041497620968e+00,6.599999999999999645e+00
8.549069735235798051e-01,-2.249844147049229193e+00,6.599999999999999645e+00
7.387874335822756100e-01,-2.219645919250455623e+00,6.599999999999999645e+00
6.246876528432315778e-01,-2.182539039111202950e+00,6.599999999999999645e+00
5.130182673041315811e-01,-2.138657051329350800e+00,6.599999999999999645e+00
4.041811661644512665e-01,-2.088157883674053750e+00,6.599999999999999645e+00
2.985680454583287680e-01,-2.031223278616314243e+00,6.599999999999999645e+00
1.965589983718222800e-01,-1.968058139252344629e+00,6.599999999999999645e+00
9.852114731789191060e-02,-1.898889791873690669e+00,6.599999999999999645e+00
4.807322692157611765e-03,-1.823967167838063785e+00,6.599999999999999645e+00
-8.424520693551409978e-02,-1.743559907685267696e+00,6.599999999999999645e+00
-1.683159486236551206e-01,-1.657957390722431423e+00,6.599999999999999645e+00
-2.471023384876943341e-01,-1.567467693570996579e+00,6.599999999999999645e+00
-3.203208306032121477e-01,-1.472416481423561851e+00,6.599999999999999645e+00
-3.877079174650757132e-01,-1.373145836000866815e+00,6.599999999999999645e+00
-4.490210783299033448e-01,-1.270013024427000703e+00,6.599999999999999645e+00
-5.040396520288495941e-01,-1.163389213453558169e+00,6.599999999999999645e+00
-5.525656311095280548e-01,-1.053658133660145158e+00,6.599999999999999645e+00
-5.944243744490170789e-01,-9.412146984386722259e-01,6.599999999999999645e+00
-6.294652357733127035e-01,-8.264635827315982564e-01,6.599999999999999645e+00
-6.575621058212367531e-01,-7.098177666391345397e-01,6.599999999999999645e+00
-6.786138662015952505e-01,-5.916970491368489515e-01,6.599999999999999645e+00
-6.925447533101919406e-01,-4.725265372526822327e-01,6.599999999999999645e+00
-6.993046309969885854e-01,-3.527351161407080715e-01,6.599999999999999645e+00
-6.988691710021046610e-01,-2.327539055577187432e-01,6.599999999999999645e+00
-6.912399405112814588e-01,-1.130147082976541428e-01,6.599999999999999645e+00
-6.764443965157055372e-01,6.051543832165343084e-03,6.599999999999999645e+00
-6.545357869964909536e-01,1.240163409001946854e-01,6.599999999999999645e+00
-6.255929592894478031e-01,2.404551370236825414e-01,6.599999999999999645e+00
-5.897200763198181539e-01,3.549488782753946747e-01,6.599999999999999645e+00
-5.470462417282279111e-01,4.670855108252280341e-01,6.599999999999999645e+00
-4.977250352369956277e-01,5.764614638890344089e-01,6.599999999999999645e+00
-4.419339599289783815e-01,6.826831021476391648e-01,6.599999999999999645e+00
-3.798738034281536891e-01,7.853681424089151708e-01,6.599999999999999645e+00
-3.117679152809980647e-01,8.841470294144583297e-01,6.599999999999999645e+00
-2.378614031393079808e-01,9.786642658394455463e-01,6.599999999999999645e+00
-1.584202506373380837e-01,1.068579691699113710e+00,6.599999999999999645e+00
-7.373036013794566357e-02,1.153569708557375506e+00,6.599999999999999645e+00
1.590347620717809385e-02,1.233328444131745583e+00,6.599999999999999645e+00
1.101586733801181855e-01,1.307568853103254547e+00,6.599999999999999645e+00
2.086960144544502960e-01,1.376023750169625526e+00,6.599999999999999645e+00
3.111608714098655359e-01,1.438446771623837384e+00,6.599999999999999645e+00
4.171844814100913457e-01,1.494613261997428610e+00,6.599999999999999645e+00
5.263852739508859679e-01,1.544321082577585047e+00,6.599999999999999645e+00
6.383702441018068718e-01,1.587391338888222814e+00,6.599999999999999645e+00
7.527363668995663559e-01,1.623669024516918746e+00,6.599999999999999645e+00
8.690720478026841000e-01,1.653023578970608698e+00,6.599999999999999645e+00
9.869586039873681216e-01,1.675349357552374352e+00,6.599999999999999645e+00
1.105971771153557048e+00,1.690566011568268801e+00,6.599999999999999645e+00
1.225683230418250114e+00,1.698618777495849219e+00,6.599999999999999645e+00
1.345662149800956886e+00,1.699478674073719775e+00,6.599999999999999645e+00
1.465476734753584198e+00,1.693142606602777267e+00,6.599999999999999645e+00
1.584695782154527333e+00,1.679633378083785322e+00,6.599999999999999645e+00
1.702890232174264273e+00,1.658999607151196098e+00,6.599999999999999645e+00
1.819634712427413037e+00,1.631315553098568127e+00,6.599999999999999645e+00
1.934509068853971891e+00,1.596680848625300353e+00,6.599999999999999645e+00
2.047099877820223401e+00,1.555220141266503875e+00,6.599999999999999645e+00
2.157001933997371612e+00,1.507082644796479576e+00,6.599999999999999645e+00
2.263819708663157293e+00,1.452441602220261530e+00,6.599999999999999645e+00
2.367168773178137897e+00,1.391493662285879118e+00,6.599999999999999645e+00
2.466677182513655531e+00,1.324458171761219161e+00,6.599999999999999645e+00
2.561986813852289213e+00,1.251576386022528187e+00,6.599999999999999645e+00
2.652754655443270160e+00,1.173110600795581604e+00,6.599999999999999645e+00
2.738654041074377155e+00,1.089343208174316846e+00,6.599999999999999645e+00
2.819375825717542750e+00,1.000575680314242266e+00,6.599999999999999645e+00
2.894629498117117894e+00,9.071274844582273289e-01,6.599999999999999645e+00
2.964144226316678399e+00,8.093349331994122986e-01,6.599999999999999645e+00
3.027669832361603586e+00,7.075499741190467429e-01,6.599999999999999645e+00
3.084977692669554017e+00,6.021389231552545240e-01,6.599999999999999645e+00
3.135861560828483441e+00,4.934811462612307409e-01,6.599999999999999645e+00
3.180138309861003432e+00,3.819676940974759405e-01,6.599999999999999645e+00
3.217648591283747805e+00,2.679998946717025432e-01,6.599999999999999645e+00
3.248257408589837247e+00,1.519879089913891979e-01,6.599999999999999645e+00
3.271854603090526226e+00,3.434925492707470440e-02,6.599999999999999645e+00
3.288355250367524629e+00,-8.449269540111080390e-02,6.599999999999999645e+00
3.297699965909195452e+00,-2.041102393058912834e-01,6.599999999999999645e+00
3.299855118830670619e+00,-3.240728828006554929e-01,6.599999999999999645e+00
3.294812952908718895e+00,-4.439488899129311328e-01,6.599999999999999645e+00
3.282591614495773413e+00,-5.633068364676667716e-01,6.599999999999999645e+00
3.263235087212658758e+00,-6.817171627483797902e-01,6.599999999999999645e+00
3.236813033655053573e+00,-7.987537194482670078e-01,6.599999999999999645e+00
3.203420544683371229e+00,-9.139953013475231591e-01,6.599999999999999645e+00
3.163177797198348795e+00,-1.027027163197284931e+00,6.599999999999999645e+00
3.116229621633980429e+00,-1.137442512354656099e+00,6.599999999999999645e+00
3.062744980724352750e+00,-1.244843972796938258e+00,6.599999999999999645e+00
3.002916361420258973e+00,-1.348845015246198153e+00,6.599999999999999645e+00
2.936959082144038113e+00,-1.449071348257266578e+00,6.599999999999999645e+00
2.865110517875770757e+00,-1.545162265262755019e+00,6.599999999999999645e+00
2.787629245859684524e+00,-1.636771942727181184e+00,6.599999999999999645e+00
2.704794115005304089e+00,-1.723570684738253256e+00,6.599999999999999645e+00
2.616903242332498714e+00,-1.805246109556124301e+00,6.599999999999999645e+00
2.524272940072137761e+00,-1.881504273850324260e+00,6.599999999999999645e+00
2.427236577283636176e+00,-1.952070730578328916e+00,6.599999999999999645e+00
2.326143380086336254e+00,-2.016691516698545961e+00,6.599999999999999645e+00
2.221357174822595759e+00,-2.075134067163017182e+00,6.599999999999999645e+00
2.113255078675841947e+00,-2.127188051900451793e+00,6.599999999999999645e+00
2.002226142455948654e+00,-2.172666132777352210e+00,6.599999999999999645e+00
1.888669950436444367e+00,-2.211404637812995677e+00,6.599999999999999645e+00
1.772995182282628202e+00,-2.243264150221819353e+00,6.599999999999999645e+00
1.655618142246094715e+00,-2.268130010163295740e+00,6.599999999999999645e+00
1.536961260918983108e+00,-2.285912727393542010e+00,6.599999999999999645e+00
1.417451574940016279e+00,-2.296548303333559193e+00,6.599999999999999645e+00
1.297519190123745059e+00,-2.299998461395007077e+00,6.599999999999999645e+00
1.177595733544074763e+00,-2.296250784734588102e+00,6.599999999999999645e+00
1.058112800142900101e+00,-2.285318760941274618e+00,6.599999999999999645e+00
9.395003994543811299e-01,-2.267241733495553468e+00,6.599999999999999645e+00
8.221854080349749738e-01,-2.242084760175382385e+00,6.599999999999999645e+00
7.065900331688038660e-01,-2.209938378918443025e+00,6.599999999999999645e+00
5.931302933773613395e-01,-2.170918281983334364e+00,6.599999999999999645e+00
4.822145212020810257e-01,-2.125164899582374645e+00,6.599999999999999645e+00
3.742418936481337610e-01,-2.072842894484483889e+00,6.599999999999999645e+00
2.696009955782683321e-01,-2.014140569407029346e+00,6.599999999999999645e+00
1.686684212269269623e-01,-1.949269189329386087e+00,6.599999999999999645e+00
7.180741886767416648e-02,-1.878462221167149782e+00,6.599999999999999645e+00
-2.063341648832689446e-02,-1.801974493543355038e+00,6.599999999999999645e+00
-1.083213976579172760e-01,-1.720081279680613973e+00,6.599999999999999645e+00
-1.909409426005424792e-01,-1.633077306714773913e+00,6.599999999999999645e+00
-2.681947101728108240e-01,-1.541275694995496215e+00,6.599999999999999645e+00
-3.398046702355196347e-01,-1.445006831191126384e+00,6.599999999999999645e+00
-4.055131042619199988e-01,-1.344617179253462691e+00,6.599999999999999645e+00
-4.650835328461103146e-01,-1.240468033521666458e+00,6.599999999999999645e+00
-5.183015667735305643e-01,-1.132934218452791519e+00,6.599999999999999645e+00
-5.649756785906220324e-01,-1.022402739658501147e+00,6.599999999999999645e+00
-6.049378918968354446e-01,-9.092713911027815454e-01,6.599999999999999645e+00
-6.380443858782799404e-01,-7.939473234732378204e-01,6.599999999999999645e+00
-6.641760129073456254e-01,-6.768455788782882232e-01,6.599999999999999645e+00
-6.832387273454986198e-01,-5.583875971437659569e-01,6.599999999999999645e+00
-6.951639240060226710e-01,-4.389996990846460889e-01,6.599999999999999645e+00
-6.999086850586069275e-01,-3.191115522104832625e-01,6.599999999999999645e+00
-6.974559344871892330e-01,-1.991546243863623333e-01,6.599999999999999645e+00
-6.878144995451738186e-01,-7.956063101451354980e-02,6.599999999999999645e+00
-6.710190789868517580e-01,3.924001867493893958e-02,6.599999999999999645e+00
-6.471301181893552856e-01,1.568197706324191698e-01,6.599999999999999645e+00
-6.162335916145735837e-01,2.727554647217749761e-01,6.599999999999999645e+00
-5.784406933939310047e-01,3.866298576398100040e-01,6.599999999999999645e+00
-5.338874371495895277e-01,4.980331245416064756e-01,6.599999999999999645e+00
-4.827341664922857878e-01,6.065643339674092749e-01,6.599999999999999645e+00
-4.251649779574827592e-01,7.118328907629269953e-01,6.599999999999999645e+00
-3.613870584566426514e-01,8.134599418000950655e-01,6.599999999999999645e+00
-2.916299396280804812e-01,9.110797394392249338e-01,6.599999999999999645e+00
-2.161446717709306631e-01,1.004340957825546221e+00,6.599999999999999645e+00
-1.352029203351719500e-01,1.092907957282898357e+00,6.599999999999999645e+00
-4.909598821937086188e-02,1.176461992254116851e+00,6.599999999999999645e+00
4.186623260518362866e-02,1.254702358440834997e+00,6.599999999999999645e+00
1.373563763709336749e-01,1.327347475014236666e+00,6.599999999999999645e+00
2.370307816773030707e-01,1.394135898001969576e+00,6.599999999999999645e+00
3.405307283006298591e-01,1.454827261204118649e+00,6.599999999999999645e+00
4.474837281995994731e-01,1.509203141251964198e+00,6.599999999999999645e+00
5.575048660699553071e-01,1.557067843696237519e+00,6.599999999999999645e+00
6.701981846239351004e-01,1.598249107295815152e+00,6.599999999999999645e+00
7.851581096089245149e-01,1.632598723972166654e+00,6.599999999999999645e+00
9.019709094367986957e-01,1.659993072198391539e+00,6.599999999999999645e+00
1.020216184170863016e+00,1.680333561903221584e+00,6.599999999999999645e+00
1.139468378511648172e+00,1.693546989288812199e+00,6.599999999999999645e+00
1.259298313336443043e+00,1.699585800285364545e+00,6.599999999999999645e+00
1.379274730280678929e+00,1.698428261694424402e+00,6.599999999999999645e+00
1.498965843802339215e+00,1.690078539404927360e+00,6.599999999999999645e+00
1.617940895143637370e+00,1.674566683400497746e+00,6.599999999999999645e+00
1.735771702597382005e+00,1.651948519611956989e+00,6.599999999999999645e+00
1.852034202498741733e+00,1.622305449004258326e+00,6.599999999999999645e+00
1.966309975396504983e+00,1.585744154620914559e+00,6.599999999999999645e+00
2.078187751911265035e+00,1.542396217640245704e+00,6.599999999999999645e+00
2.187264892861069399e+00,1.492417643825227902e+00,6.599999999999999645e+00
2.293148838327675243e+00,1.435988302071212308e+00,6.599999999999999645e+00
2.395458520448342288e+00,1.373311277072137182e+00,6.599999999999999645e+00
2.493825734848634568e+00,1.304612138434934510e+00,6.599999999999999645e+00
2.587896465780554767e+00,1.230138128872531267e+00,6.599999999999999645e+00
2.677332160196946642e+00,1.150157274397072937e+00,6.599999999999999645e+00
2.761810946176871173e+00,1.064957419715713449e+00,6.599999999999999645e+00
2.841028791316941415e+00,9.748451923005034825e-01,6.599999999999999645e+00
2.914700596919660214e+00,8.801448988606102031e-01,6.599999999999999645e+00
2.982561224040860548e+00,7.811973581883726592e-01,6.599999999999999645e+00
3.044366447703588996e+00,6.783586745796896800e-01,6.599999999999999645e+00
3.099893835844292234e+00,5.719989562431013752e-01,6.599999999999999645e+00
3.148943549828046695e+00,4.625009833099069101e-01,6.599999999999999645e+00
3.191339063651845276e+00,3.502588302390450270e-01,6.599999999999999645e+00
3.226927799247583550e+00,2.356764475745912191e-01,6.599999999999999645e+00
3.255581675598339331e+00,1.191662081600131234e-01,6.599999999999999645e+00
3.277197569691722823e+00,1.147423041243447739e-03,6.599999999999999645e+00
3.291697687651362614e+00,-1.179551676002839194e-01,6.599999999999999645e+00
3.299029844710851922e+00,-2.377129230536226823e-01,6.599999999999999645e+00
3.299167653022556213e+00,-3.576948447219970850e-01,6.599999999999999645e+00
3.292110616625368191e+00,-4.774691272523277630e-01,6.599999999999999645e+00
3.277884133229632901e+00,-5.966047125682089058e-01,6.599999999999999645e+00
3.256539402812816952e+00,-7.146728412134965014e-01,6.599999999999999645e+00
3.228153243354877855e+00,-8.312485954233457264e-01,6.599999999999999645e+00
3.192827814376490991e+00,-9.459124283693085555e-01,6.599999999999999645e+00
3.150690249275092558e+00,-1.058251674074859539e+00,6.599999999999999645e+00
3.101892197781938254e+00,-1.167862032567285935e+00,6.599999999999999645e+00
3.046609280186831636e+00,-1.274349024920997442e+00,6.599999999999999645e+00
2.985040455294728279e+00,-1.377329412955672794e+00,6.599999999999999645e+00
2.917407304388887734e+00,-1.476432578479860647e+00,6.599999999999999645e+00
2.843953233777532841e+00,-1.571301857116249812e+00,6.599999999999999645e+00
2.764942598793986850e+00,-1.661595821908276038e+00,6.599999999999999645e+00
2.680659752402944296e+00,-1.746989512088468421e+00,6.599999999999999645e+00
2.591408021836860698e+00,-1.827175602586297520e+00,6.599999999999999645e+00
2.497508616945471882e+00,-1.901865510066557352e+00,6.599999999999999645e+00
2.399299474187197578e+00,-1.970790431517740027e+00,6.599999999999999645e+00
2.297134040422820878e+00,-2.033702311652604067e+00,6.599999999999999645e+00
2.191380000888464519e+00,-2.090374735639342063e+00,6.599999999999999645e+00
2.082417955925794484e+00,-2.140603743950475035e+00,6.599999999999999645e+00
1.970640051231788314e+00,-2.184208566396903084e+00,6.599999999999999645e+00
1.856448566557692859e+00,-2.221032272705376176e+00,6.599999999999999645e+00
1.740254467936329874e+00,-2.250942337298014628e+00,6.599999999999999645e+00
1.622475928648167365e+00,-2.273831116241278316e+00,6.599999999999999645e+00
1.503536824249083415e+00,-2.289616234647886994e+00,6.599999999999999645e+00
1.383865207076095505e+00,-2.298240883137458557e+00,6.599999999999999645e+00
1.263891765721188332e+00,-2.299674022288933806e+00,6.599999999999999645e+00
1.144048275017470306e+00,-2.293910494348971874e+00,6.599999999999999645e+00
1.024766042116035836e+00,-2.280971041794292997e+00,6.599999999999999645e+00
9.064743542459763326e-01,-2.260902232681162527e+00,6.599999999999999645e+00
7.895989337439307532e-01,-2.233776293050674600e+00,6.599999999999999645e+00
6.745604059133983865e-01,-2.199690846992999216e+00,6.599999999999999645e+00
5.617727852278671108e-01,-2.158768565306079523e+00,6.599999999999999645e+00
4.516419853257908623e-01,-2.111156724013227404e+00,6.599999999999999645e+00
3.445643581598253347e-01,-2.057026674328478855e+00,6.599999999999999645e+00
2.409252675578069103e-01,-1.996573225977259947e+00,6.599999999999999645e+00
1.410977023291157817e-01,-1.930013946091744925e+00,6.599999999999999645e+00
4.544093390774166241e-02,-1.857588376204125202e+00,6.599999999999999645e+00
-4.570077663691210490e-02,-1.779557170155766199e+00,6.599999999999999645e+00
-1.319994175681209470e-01,-1.696201156024851997e+00,6.599999999999999645e+00
-2.131444069698811283e-01,-1.607820325448560572e+00,6.599999999999999645e+00
-2.888437105064191046e-01,-1.514732753977123147e+00,6.599999999999999645e+00
-3.588248924304411891e-01,-1.417273456345323090e+00,6.599999999999999645e+00
-4.228360960576283967e-01,-1.315793180781223093e+00,6.599999999999999645e+00
-4.806469501787274945e-01,-1.210657146691307640e+00,6.599999999999999645e+00
-5.320493981471331457e-01,-1.102243730265008104e+00,6.599999999999999645e+00
-5.768584466581415660e-01,-9.909431027290190874e-01,6.599999999999999645e+00
-6.149128315250786958e-01,-8.771558261522158784e-01,6.599999999999999645e+00
-6.460755980562276068e-01,-7.612914118547622344e-01,6.599999999999999645e+00
-6.702345939438255629e-01,-6.437668466095767261e-01,6.599999999999999645e+00
-6.873028728912619068e-01,-5.250050919402415861e-01,6.599999999999999645e+00
-6.972190075258554165e-01,-4.054335619162620086e-01,6.599999999999999645e+00
-6.999473104710617344e-01,-2.854825849239673863e-01,6.599999999999999645e+00
-6.954779627824918542e-01,-1.655838549490194211e-01,6.599999999999999645e+00
-6.838270492855083038e-01,-4.616887794423743530e-02,6.599999999999999645e+00
-6.650365006872235307e-01,7.233258112586135602e-02,6.599999999999999645e+00
-6.391739426712339522e-01,1.894940449748435674e-01,6.599999999999999645e+00
-6.063324525181860158e-01,3.048938588520506698e-01,6.599999999999999645e+00
-5.666302241280773977e-01,4.181167080443688455e-01,6.599999999999999645e+00
-5.202101426498507708e-01,5.287551125607101721e-01,6.599999999999999645e+00
-4.672392702491555139e-01,6.364108936199548427e-01,6.599999999999999645e+00
-4.079082448649564707e-01,7.406966066645819247e-01,6.599999999999999645e+00
-3.424305941188181546e-01,8.412369357426860983e-01,6.599999999999999645e+00
-2.710419668460493092e-01,9.376700442401125768e-01,6.599999999999999645e+00
-1.939992850143656966e-01,1.029648877101530857e+00,6.599999999999999645e+00
-1.115798190822491626e-01,1.116842409853859630e+00,6.599999999999999645e+00
-2.408019012471297737e-02,1.198936839936906251e+00,6.599999999999999645e+00
6.818469768225579597e-02,1.275636716053717423e+00,6.599999999999999645e+00
1.648827903766741376e-01,1.346666001476199304e+00,6.599999999999999645e+00
2.656660792462509635e-01,1.411769067479254236e+00,6.599999999999999645e+00
3.701718532839470832e-01,1.470711613328145928e+00,6.599999999999999645e+00
4.780240045559197015e-01,1.523281509508129350e+00,6.599999999999999645e+00
5.888343817839363226e-01,1.569289561161631763e+00,6.599999999999999645e+00
7.022041872708233434e-01,1.608570188985434024e+00,6.599999999999999645e+00
8.177254121415262755e-01,1.640982025137358136e+00,6.599999999999999645e+00
9.349823047344627547e-01,1.666408422007839896e+00,6.599999999999999645e+00
1.053552866858546544e+00,1.684757872025359315e+00,6.599999999999999645e+00
1.173010372530972401e+00,1.695964336984881138e+00,6.599999999999999645e+00
1.292924903729945063e+00,1.699987485714081092e+00,6.599999999999999645e+00
1.412864897635301986e+00,1.696812839222013203e+00,6.599999999999999645e+00
1.532398699788634078e+00,1.686451822807842227e+00,6.599999999999999645e+00
1.651096117583205070e+00,1.668941724942104132e+00,6.599999999999999645e+00
1.768529968492783544e+00,1.644345563068479121e+00,6.599999999999999645e+00
1.884277617467435606e+00,1.612751856809044870e+00,6.599999999999999645e+00
1.997922497963313226e+00,1.574274309389226856e+00,6.599999999999999645e+00
2.109055611132375052e+00,1.529051398428971531e+00,6.599999999999999645e+00
2.217276997776572500e+00,1.477245877572852306e+00,6.599999999999999645e+00
2.322197177769059540e+00,1.419044190752702495e+00,6.599999999999999645e+00
2.423438551762060911e+00,1.354655801190795206e+00,6.599999999999999645e+00
2.520636760136765631e+00,1.284312437558436937e+00,6.599999999999999645e+00
2.613441994304493754e+00,1.208267260002987120e+00,6.599999999999999645e+00
2.701520255639867418e+00,1.126793949044708754e+00,6.599999999999999645e+00
2.784554557515187323e+00,1.040185720622433641e+00,6.599999999999999645e+00
2.862246066109987996e+00,9.487542708328193797e-01,6.599999999999999645e+00
2.934315175890088945e+00,8.528286541609912952e-01,6.599999999999999645e+00
3.000502515885580923e+00,7.527540992397332431e-01,6.599999999999999645e+00
3.060569883146230463e+00,6.488907663992112829e-01,6.599999999999999645e+00
3.114301100014871260e+00,5.416124514787116206e-01,6.599999999999999645e+00
3.161502792133527251e+00,4.313052405652703092e-01,6.599999999999999645e+00
3.202005084382281819e+00,3.183661205006828587e-01,6.599999999999999645e+00
3.235662212246266378e+00,2.032015501575680783e-01,6.599999999999999645e+00
3.262353046410507051e+00,8.622599762634955423e-02,6.599999999999999645e+00
3.281981528694654315e+00,-3.213955142229800443e-02,6.599999999999999645e+00
3.294477017758702608e+00,-1.514691088312531964e-01,6.599999999999999645e+00
3.299794543335530239e+00,-2.713332170543016897e-01,6.599999999999999645e+00
3.297914968075299047e+00,-3.913004947395439803e-01,6.599999999999999645e+00
3.288845056419248181e+00,-5.109391892364263388e-01,6.599999999999999645e+00
3.272617450255010496e+00,-6.298187304390459040e-01,6.599999999999999645e+00
3.249290551441065045e+00,-7.475112803735719513e-01,6.599999999999999645e+00
3.218948311623114567e+00,-8.635932729529421925e-01,6.599999999999999645e+00
3.181699930098816687e+00,-9.776469383573795913e-01,6.599999999999999645e+00
3.137679460818234123e+00,-1.089261806554606249e+00,6.599999999999999645e+00
3.087045329934374749e+00,-1.198036184548705529e+00,6.599999999999999645e+00
3.029979765640120615e+00,-1.303578602041130852e+00,6.599999999999999645e+00
2.966688142343516965e+00,-1.405509220301042639e+00,6.599999999999999645e+00
2.897398241541680353e+00,-1.503461199174563889e+00,6.599999999999999645e+00
2.822359432053384243e+00,-1.597082017313192992e+00,6.599999999999999645e+00
2.741841772560596358e+00,-1.686034740869982285e+00,6.599999999999999645e+00
2.656135039688853006e+00,-1.769999236097541173e+00,6.599999999999999645e+00
2.565547685124327959e+00,-1.848673321483824239e+00,6.599999999999999645e+00
2.470405725520849582e+00,-1.921773855279257370e+00,6.599999999999999645e+00
2.371051569192003772e+00,-1.989037754501280508e+00,6.599999999999999645e+00
2.267842783810961382e+00,-2.050222941748988337e+00,6.599999999999999645e+00
2.161150809552980334e+00,-2.105109216420362639e+00,6.599999999999999645e+00
2.051359622311883957e+00,-2.153499047196650196e+00,6.599999999999999645e+00
1.938864351801486086e+00,-2.195218282941802546e+00,6.599999999999999645e+00
1.824069859515310199e+00,-2.230116779458505505e+00,6.599999999999999645e+00
1.707389281662411440e+00,-2.258068939845152556e+00,6.599999999999999645e+00
1.589242542323156870e+00,-2.278974166509062371e+00,6.599999999999999645e+00
1.470054842176000243e+00,-2.292757223209180850e+00,6.599999999999999645e+00
1.350255128234200797e+00,-2.299368505825302389e+00,6.599999999999999645e+00
1.230274550099782926e+00,-2.298784220879337870e+00,6.599999999999999645e+00
1.110544908290554744e+00,-2.291006471166140201e+00,6.599999999999999645e+00
9.914971002245321907e-01,-2.276063248185715260e+00,6.599999999999999645e+00
8.735595694545479351e-01,-2.254008331404048437e+00,6.599999999999999645e+00
7.571567637341243273e-01,-2.224921094705101687e+00,6.599999999999999645e+00
6.427076074639096470e-01,-2.188906220730545193e+00,6.599999999999999645e+00
5.306239940162195134e-01,-2.146093324135290192e+00,6.599999999999999645e+00
4.213093033636881035e-01,-2.096636485114699688e+00,6.599999999999999645e+00
3.151569503469649480e-01,-2.040713694882271056e+00,6.599999999999999645e+00
2.125489688061276972e-01,-1.978526215093475482e+00,6.599999999999999645e+00
1.138546366713981545e-01,-1.910297853521132572e+00,6.599999999999999645e+00
1.942914696137260089e-02,-1.836274158589114247e+00,6.599999999999999645e+00
-7.038767052828501236e-02,-1.756721535663178013e+00,6.599999999999999645e+00
-1.552725722451352985e-01,-1.671926288279333761e+00,6.599999999999999645e+00
-2.349200642076910706e-01,-1.582193587760285070e+00,6.599999999999999645e+00
-3.090435014538567837e-01,-1.487846374928212478e+00,6.599999999999999645e+00
-3.773761196532526840e-01,-1.389224197866548050e+00,6.599999999999999645e+00
-4.396719951707332985e-01,-1.286681989913543323e+00,6.599999999999999645e+00
-4.957069301259082184e-01,-1.180588792285533151e+00,6.599999999999999645e+00
-5.452792592634069235e-01,-1.071326425927073833e+00,6.599999999999999645e+00
-5.882105757300256643e-01,-9.592881173678594608e-01,6.599999999999999645e+00
-6.243463731467429056e-01,-8.448770835318492045e-01,6.599999999999999645e+00
-6.535566016648366450e-01,-7.285050805917629990e-01,6.599999999999999645e+00
-6.757361360049033427e-01,-6.105909220915026747e-01,6.599999999999999645e+00
-6.908051537943414866e-01,-4.915589716696587841e-01,6.599999999999999645e+00
-6.987094228416954600e-01,-3.718376158086690308e-01,6.599999999999999645e+00
-6.994204963139809550e-01,-2.518577221060835369e-01,6.599999999999999645e+00
-6.929358151145650346e-01,-1.320510886164948383e-01,6.599999999999999645e+00
-6.792787170931503526e-01,-1.284888984482716878e-02,6.599999999999999645e+00
-6.584983530547179331e-01,1.053198750162685216e-01,6.599999999999999645e+00
-6.306695098697058244e-01,2.220299260202446279e-01,6.599999999999999645e+00
-5.958923413220359455e-01,3.368612330152173095e-01,6.599999999999999645e+00
-5.542920076636446147e-01,4.494005272989349820e-01,6.599999999999999645e+00
-5.060182251727327607e-01,5.592427889398299268e-01,6.599999999999999645e+00
-4.512447273368384582e-01,6.659927044114029027e-01,6.599999999999999645e+00
-3.901686395998914536e-01,7.692660892940310635e-01,6.599999999999999645e+00
-3.230097699234849573e-01,8.686912709240092179e-01,6.599999999999999645e+00
-2.500098177155780088e-01,9.639104260137809632e-01,6.599999999999999645e+00
-1.714315039736309110e-01,1.054580868429370932e+00,6.599999999999999645e+00
-8.755762577271888891e-02,1.140376282490410675e+00,6.599999999999999645e+00
1.309961498553877113e-03,1.220987897354209428e+00,6.599999999999999645e+00
9.485143049148853089e-02,1.296125598257354739e+00,6.599999999999999645e+00
1.927301329303748312e-01,1.365518970615575256e+00,6.599999999999999645e+00
2.945938111827471895e-01,1.428918273224230484e+00,6.599999999999999645e+00
4.000758660064688277e-01,1.486095337056960286e+00,6.599999999999999645e+00
5.087966759111239856e-01,1.536844386427786091e+00,6.599999999999999645e+00
6.203649633854413370e-01,1.580982779561369567e+00,6.599999999999999645e+00
7.343792030738054422e-01,1.618351665906174297e+00,6.599999999999999645e+00
8.504290668339418158e-01,1.648816557824913653e+00,6.599999999999999645e+00
9.680969004751276419e-01,1.672267814604815328e+00,6.599999999999999645e+00
1.086959226862266314e+00,1.688621037045790141e+00,6.599999999999999645e+00
1.206588269976272887e+00,1.697817371206411297e+00,6.599999999999999645e+00
1.326553494445800840e+00,1.699823720214549860e+00,6.599999999999999645e+00
1.446423155009655570e+00,1.694632863380373555e+00,6.599999999999999645e+00
1.565765850333506570e+00,1.682263482183032455e+00,6.599999999999999645e+00
1.684152075588833064e+00,1.662760093037508380e+00,6.599999999999999645e+00
1.801155768206497365e+00,1.636192887083592451e+00,6.599999999999999645e+00
1.916355841241901281e+00,1.602657477573579348e+00,6.599999999999999645e+00
2.029337698833267201e+00,1.562274555767808604e+00,6.599999999999999645e+00
2.139694728299030846e+00,1.515189456576458760e+00,6.599999999999999645e+00
2.247029763504405864e+00,1.461571635510813261e+00,6.599999999999999645e+00
2.350956514230581273e+00,1.401614058826410325e+00,6.599999999999999645e+00
2.451100956402365583e+00,1.335532509052900885e+00,6.599999999999999645e+00
2.547102678170960033e+00,1.263564808409959328e+00,6.599999999999999645e+00
2.638616177007416130e+00,1.185969962904110053e+00,6.599999999999999645e+00
2.725312103138642250e+00,1.103027230186796714e+00,6.599999999999999645e+00
2.806878444850930965e+00,1.015035114528398896e+00,6.599999999999999645e+00
2.883021651395196727e+00,9.223102925252049111e-01,6.599999999999999645e+00
2.953467689452675682e+00,8.251864734056348905e-01,6.599999999999999645e+00
3.017963029358952554e+00,7.240131980373810672e-01,6.599999999999999645e+00
3.076275557536974237e+00,6.191545809577430060e-01,6.599999999999999645e+00
3.128195411855273278e+00,5.109879999544897355e-01,6.599999999999999645e+00
3.173535736905018112e+00,3.999027379133430204e-01,6.599999999999999645e+00
3.212133356477704815e+00,2.862985818199637045e-01,6.599999999999999645e+00
3.243849360823299222e+00,1.705843839585215183e-01,6.599999999999999645e+00
3.268569606575331576e+00,5.317659048497956620e-02,6.599999999999999645e+00
3.286205127543756266e+00,-6.550225732935931189e-02,6.599999999999999645e+00
3.296692454897164559e+00,-1.850250437901393430e-01,6.599999999999999645e+00
3.299993845582038343e+00,-3.049616159352219746e-01,6.599999999999999645e+00
3.296097418156985981e+00,-4.248803316208399905e-01,6.599999999999999645e+00
3.285017195553101566e+00,-5.443496129671976380e-01,6.599999999999999645e+00
3.266793054606554225e+00,-6.629394995727896367e-01,6.599999999999999645e+00
3.241490582545041299e+00,-7.802231959075451861e-01,6.599999999999999645e+00
3.209200840944593125e+00,-8.957786073158522377e-01,6.599999999999999645e+00
3.170040038006234795e+00,-1.009189859101510045e+00,6.599999999999999645e+00
3.124149110331952084e+00,-1.120048793227545136e+00,6.599999999999999645e+00
3.071693215705117996e+00,-1.227956437244386301e+00,6.599999999999999645e+00
3.012861138700820618e+00,-1.332524440159844392e+00,6.599999999999999645e+00
2.947864611265256229e+00,-1.433376470083315812e+00,6.599999999999999645e+00
2.876937550709366409e+00,-1.530149568614198818e+00,6.599999999999999645e+00
2.800335217859118320e+00,-1.622495457100187721e+00,6.599999999999999645e+00
2.718333298392180630e+00,-1.710081790064325036e+00,6.599999999999999645e+00
2.631226910667188168e+00,-1.792593351289829329e+00,6.599999999999999645e+00
2.539329543616339890e+00,-1.869733188258081880e+00,6.599999999999999645e+00
2.442971928523772096e+00,-1.941223680857024236e+00,6.599999999999999645e+00
2.342500848750080689e+00,-2.006807540513767751e+00,6.599999999999999645e+00
2.238277891686704990e+00,-2.066248736155617216e+00,6.599999999999999645e+00
2.130678147431785963e+00,-2.119333343667050507e+00,6.599999999999999645e+00
2.020088858870861426e+00,-2.165870315785523026e+00,6.599999999999999645e+00
1.906908028020650736e+00,-2.205692169665307567e+00,6.599999999999999645e+00
1.791542983651584375e+00,-2.238655589634878318e+00,6.599999999999999645e+00
1.674408915344093529e+00,-2.264641942978566469e+00,6.599999999999999645e+00
1.555927379254470999e+00,-2.283557706886229166e+00,6.599999999999999645e+00
1.436524780967934678e+00,-2.295334805034372039e+00,6.599999999999999645e+00
1.316630840898983523e+00,-2.299930852587401819e+00,6.599999999999999645e+00
1.196677047761947721e+00,-2.297329308737263265e+00,6.599999999999999645e+00
1.077095105677569054e+00,-2.287539536232487070e+00,6.599999999999999645e+00
9.583153805043507223e-01,-2.270596767682404149e+00,6.599999999999999645e+00
8.407653509862058616e-01,-2.246561978757800837e+00,6.599999999999999645e+00
7.248680702906015183e-01,-2.215521668744348194e+00,6.599999999999999645e+00
6.110406434739978909e-01,-2.177587549238582554e+00,6.599999999999999645e+00
4.996927263540650310e-01,-2.132896142106791348e+00,6.599999999999999645e+00
3.912250511911138373e-01,-2.081608288153721009e+00,6.599999999999999645e+00
2.860279844846983499e-01,-2.023908568269367159e+00,6.599999999999999645e+00
1.844801220757622262e-01,-1.960004639137092886e+00,6.599999999999999645e+00
8.694692661044603477e-02,-1.890126485893812491e+00,6.599999999999999645e+00
-6.220587730786764080e-03,-1.814525594431851907e+00,6.599999999999999645e+00
-9.468711850514945072e-02,-1.733474046321308748e+00,6.599999999999999645e+00
-1.781342817342430052e-01,-1.647263539610212435e+00,6.599999999999999645e+00
-2.562617577425649329e-01,-1.556204339026548089e+00,6.599999999999999645e+00
-3.287883719840347108e-01,-1.460624159360280672e+00,6.599999999999999645e+00
-3.954531069667275300e-01,-1.360866986044001026e+00,6.599999999999999645e+00
-4.560160416339803513e-01,-1.257291837176828242e+00,6.599999999999999645e+00
-5.102592148211120282e-01,-1.150271471446945970e+00,6.599999999999999645e+00
-5.579874096802465155e-01,-1.040191046602855662e+00,6.599999999999999645e+00
-5.990288562501561165e-01,-9.274467333014028148e-01,6.599999999999999645e+00
-6.332358496426329086e-01,-8.124442893212249217e-01,6.599999999999999645e+00
-6.604852816205838417e-01,-6.955975992729145352e-01,6.599999999999999645e+00
-6.806790836547436108e-01,-5.773271850613627132e-01,6.599999999999999645e+00
-6.937445798644784611e-01,-4.580586924610104416e-01,6.599999999999999645e+00
-6.996347485724759840e-01,-3.382213592507032907e-01,6.599999999999999645e+00
-6.983283915320063207e-01,-2.182464704212083717e-01,6.599999999999999645e+00
-6.898302102177188422e-01,-9.856580601497967609e-02,6.599999999999999645e+00
-6.741707889054104896e-01,2.038991281572831438e-02,6.599999999999999645e+00
-6.514064846016598409e-01,1.381925739398857100e-01,6.599999999999999645e+00
-6.216192242194619189e-01,2.544182149890533151e-01,6.599999999999999645e+00
-5.849162097298116203e-01,3.686485491640846268e-01,6.599999999999999645e+00
-5.414295323503723889e-01,4.804724706159070879e-01,6.599999999999999645e+00
-4.913156971597341105e-01,5.894875339826378680e-01,6.599999999999999645e+00
-4.347550598481354500e-01,6.953014027582977707e-01,6.599999999999999645e+00
-3.719511776317396268e-01,7.975332612805600130e-01,6.599999999999999645e+00
-3.031300766664717372e-01,8.958151852559033124e-01,6.599999999999999645e+00
-2.285394385979364062e-01,9.897934658897578064e-01,6.599999999999999645e+00
-1.484477091749575040e-01,1.079129882856205924e+00,6.599999999999999645e+00
-6.314313213476924203e-02,1.163502921525921607e+00,6.599999999999999645e+00
2.706728816317213737e-02,1.242608930071641415e+00,6.599999999999999645e+00
1.218588916213574763e-01,1.316163212286838524e+00,6.599999999999999645e+00
2.208905308299848325e-01,1.383901052184631109e+00,6.599999999999999645e+00
3.238057988292397660e-01,1.445578666689475877e+00,6.599999999999999645e+00
4.302343117894774638e-01,1.500974082992986069e+00,6.599999999999999645e+00
5.397930419930427881e-01,1.549887937416340122e+00,6.599999999999999645e+00
6.520876963204337295e-01,1.592144192904237698e+00,6.599999999999999645e+00
7.667141352797458564e-01,1.627590772568202171e+00,6.599999999999999645e+00
8.832598274724250409e-01,1.656100106999155885e+00,6.599999999999999645e+00
1.001305334260821800e+00,1.677569593379534041e+00,6.599999999999999645e+00
1.120425819294347702e+00,1.691921964742630236e+00,6.599999999999999645e+00
1.240192577461568746e+00,1.699105568050238269e+00,6.599999999999999645e+00
1.360174577765660864e+00,1.699094550087811628e+00,6.599999999999999645e+00
1.479940014570541251e+00,1.691888950508116940e+00,6.599999999999999645e+00
1.599057861634863187e+00,1.677514701688527454e+00,6.599999999999999645e+00
1.717099423341033493e+00,1.656023535402467717e+00,6.599999999999999645e+00
1.833639877536499263e+00,1.627492796640892969e+00,6.599999999999999645e+00
1.948259804434744780e+00,1.592025165253844410e+00,6.599999999999999645e+00
2.060546696073603634e+00,1.549748286413869858e+00,6.599999999999999645e+00
2.170096440898467094e+00,1.500814311231242870e+00,6.599999999999999645e+00
2.276514778127493699e+00,1.445399349174268933e+00,6.599999999999999645e+00
2.379418716664672306e+00,1.383702834265375659e+00,6.599999999999999645e+00
2.478437913454186958e+00,1.315946807333994162e+00,6.599999999999999645e+00
2.573216006315496074e+00,1.242375116909349098e+00,6.599999999999999645e+00
2.663411896462356321e+00,1.163252541629077763e+00,6.599999999999999645e+00
2.748700976090112214e+00,1.078863837322061370e+00,6.599999999999999645e+00
2.828776296613257024e+00,9.895127121949405247e-01,6.599999999999999645e+00
2.903349673348876170e+00,8.955207338105370951e-01,6.599999999999999645e+00
2.972152722670304392e+00,7.972261717918787127e-01,6.599999999999999645e+00
3.034937827898361640e+00,6.949827804168438039e-01,6.599999999999999645e+00
3.091479030454003851e+00,5.891585254847696573e-01,6.599999999999999645e+00
3.141572843065202569e+00,4.801342600369303271e-01,6.599999999999999645e+00
3.185038982101382921e+00,3.683023536968600409e-01,6.599999999999999645e+00
3.221721016399812232e+00,2.540652805634167066e-01,6.599999999999999645e+00
3.251486930248859597e+00,1.378341707386458448e-01,6.599999999999999645e+00
3.274229598501997796e+00,2.002733070338064136e-02,6.599999999999999645e+00
3.289867172112650007e+00,-9.893126213437240801e-02,6.599999999999999645e+00
3.298343372702370768e+00,-2.186134853002615897e-01,6.599999999999999645e+00
3.299627695102235414e+00,-3.385886120321809356e-01,6.599999999999999645e+00
3.293715517138506410e+00,-4.584248614314846426e-01,6.599999999999999645e+00
3.280628116267466865e+00,-5.776909524079547609e-01,6.599999999999999645e+00
3.260412592999555326e+00,-6.959576558259983337e-01,6.599999999999999645e+00
3.233141701388391187e+00,-8.127993392660237681e-01,6.599999999999999645e+00
3.198913587194745833e+00,-9.277954988415233473e-01,6.599999999999999645e+00
3.157851434667788837e+00,-1.040532272558975180e+00,6.599999999999999645e+00
3.110103023214813689e+00,-1.150603929774102197e+00,6.599999999999999645e+00
3.055840195554954342e+00,-1.257614331384055317e+00,6.599999999999999645e+00
2.995258239270964573e+00,-1.361178355500404891e+00,6.599999999999999645e+00
2.928575183984805097e+00,-1.460923283472057133e+00,6.599999999999999645e+00
2.856031016686447543e+00,-1.556490141269909921e+00,6.599999999999999645e+00
2.777886818039866590e+00,-1.647534991405712912e+00,6.599999999999999645e+00
2.694423822774582256e+00,-1.733730170735616749e+00,6.599999999999999645e+00
2.605942407544330930e+00,-1.814765469693657263e+00,6.599999999999999645e+00
2.512761009895479347e+00,-1.890349248711206798e+00,6.599999999999999645e+00
2.415214982235729391e+00,-1.960209487804488671e+00,6.599999999999999645e+00
2.313655384927587377e+00,-2.024094765552771680e+00,6.599999999999999645e+00
2.208447722850159334e+00,-2.081775163943983209e+00,6.599999999999999645e+00
2.099970629976282588e+00,-2.133043095831270275e+00,6.599999999999999645e+00
